Date      	Time    	1-in
2000/10/01, 00:00 0.0461
2000/10/02, 00:00 0.05981
2000/10/03, 00:00 0.00581
2000/10/04, 00:00 0.04614
2000/10/05, 00:00 0.03268
2000/10/06, 00:00 0.03657
2000/10/07, 00:00 0.07571
2000/10/08, 00:00 0.0308
2000/10/09, 00:00 0.04153
2000/10/10, 00:00 0.04554
2000/10/11, 00:00 0.0241
2000/10/12, 00:00 0.03008
2000/10/13, 00:00 0.01799
2000/10/14, 00:00 0.0197
2000/10/15, 00:00 0.07161
2000/10/16, 00:00 0.04665
2000/10/17, 00:00 0.01085
2000/10/18, 00:00 0.09605
2000/10/19, 00:00 0.10459
2000/10/20, 00:00 0.02175
2000/10/21, 00:00 0.0179
2000/10/22, 00:00 0.11758
2000/10/23, 00:00 0.10391
2000/10/24, 00:00 0.03193
2000/10/25, 00:00 0.02974
2000/10/26, 00:00 0.05494
2000/10/27, 00:00 0.04768
2000/10/28, 00:00 0.07341
2000/10/29, 00:00 0.00423
2000/10/30, 00:00 0.175
2000/10/31, 00:00 0.0581
2000/11/01, 00:00 0.00721
2000/11/02, 00:00 0.015
2000/11/03, 00:00 0.00964
2000/11/04, 00:00 0.074
2000/11/05, 00:00 0.00615
2000/11/06, 00:00 0.02974
2000/11/07, 00:00 0.00245
2000/11/08, 00:00 0.04008
2000/11/09, 00:00 0.00996
2000/11/10, 00:00 0.01923
2000/11/11, 00:00 0.03662
2000/11/12, 00:00 0.02607
2000/11/13, 00:00 0.02113
2000/11/14, 00:00 0.0323
2000/11/15, 00:00 0.02031
2000/11/16, 00:00 0.0102
2000/11/17, 00:00 0.01564
2000/11/18, 00:00 0.00403
2000/11/19, 00:00 0.
2000/11/20, 00:00 0.05434
2000/11/21, 00:00 0.00443
2000/11/22, 00:00 0.01194
2000/11/23, 00:00 0.00458
2000/11/24, 00:00 0.01428
2000/11/25, 00:00 0.00256
2000/11/26, 00:00 0.01139
2000/11/27, 00:00 0.03663
2000/11/28, 00:00 0.02355
2000/11/29, 00:00 0.01223
2000/11/30, 00:00 0.00604
2000/12/01, 00:00 0.00584
2000/12/02, 00:00 0.0282
2000/12/03, 00:00 0.0155
2000/12/04, 00:00 0.047
2000/12/05, 00:00 0.00226
2000/12/06, 00:00 0.02014
2000/12/07, 00:00 0.05127
2000/12/08, 00:00 0.06131
2000/12/09, 00:00 0.02992
2000/12/10, 00:00 0.01033
2000/12/11, 00:00 0.0174
2000/12/12, 00:00 0.01611
2000/12/13, 00:00 0.02172
2000/12/14, 00:00 0.01588
2000/12/15, 00:00 0.01494
2000/12/16, 00:00 0.01427
2000/12/17, 00:00 0.02262
2000/12/18, 00:00 0.00505
2000/12/19, 00:00 0.00989
2000/12/20, 00:00 0.00624
2000/12/21, 00:00 0.01838
2000/12/22, 00:00 0.01132
2000/12/23, 00:00 0.03209
2000/12/24, 00:00 0.04409
2000/12/25, 00:00 0.00403
2000/12/26, 00:00 0.02556
2000/12/27, 00:00 0.03339
2000/12/28, 00:00 0.08438
2000/12/29, 00:00 0.0156
2000/12/30, 00:00 0.00497
2000/12/31, 00:00 0.00156
2001/01/01, 00:00 0.01029
2001/01/02, 00:00 0.00923
2001/01/03, 00:00 0.06123
2001/01/04, 00:00 0.02682
2001/01/05, 00:00 0.01183
2001/01/06, 00:00 0.0071
2001/01/07, 00:00 0.01963
2001/01/08, 00:00 0.01178
2001/01/09, 00:00 0.04534
2001/01/10, 00:00 0.00239
2001/01/11, 00:00 0.0033
2001/01/12, 00:00 0.02509
2001/01/13, 00:00 0.02805
2001/01/14, 00:00 0.04735
2001/01/15, 00:00 0.03289
2001/01/16, 00:00 0.00762
2001/01/17, 00:00 0.04028
2001/01/18, 00:00 0.01948
2001/01/19, 00:00 0.00534
2001/01/20, 00:00 0.0316
2001/01/21, 00:00 0.03027
2001/01/22, 00:00 0.06797
2001/01/23, 00:00 0.03989
2001/01/24, 00:00 0.03766
2001/01/25, 00:00 0.02069
2001/01/26, 00:00 0.03173
2001/01/27, 00:00 0.02119
2001/01/28, 00:00 0.04731
2001/01/29, 00:00 0.00535
2001/01/30, 00:00 0.04351
2001/01/31, 00:00 0.02252
2001/02/01, 00:00 0.03105
2001/02/02, 00:00 0.02985
2001/02/03, 00:00 0.01958
2001/02/04, 00:00 0.02074
2001/02/05, 00:00 0.02083
2001/02/06, 00:00 0.00193
2001/02/07, 00:00 0.00563
2001/02/08, 00:00 0.00139
2001/02/09, 00:00 0.00647
2001/02/10, 00:00 0.02708
2001/02/11, 00:00 0.00085
2001/02/12, 00:00 0.02543
2001/02/13, 00:00 0.02524
2001/02/14, 00:00 0.01941
2001/02/15, 00:00 0.00025
2001/02/16, 00:00 0.04847
2001/02/17, 00:00 0.02532
2001/02/18, 00:00 0.00882
2001/02/19, 00:00 0.00852
2001/02/20, 00:00 0.00791
2001/02/21, 00:00 0.00762
2001/02/22, 00:00 0.01474
2001/02/23, 00:00 0.00255
2001/02/24, 00:00 0.00345
2001/02/25, 00:00 0.01201
2001/02/26, 00:00 0.04958
2001/02/27, 00:00 0.04832
2001/02/28, 00:00 0.09787
2001/03/01, 00:00 0.03435
2001/03/02, 00:00 0.0457
2001/03/03, 00:00 0.05111
2001/03/04, 00:00 0.05672
2001/03/05, 00:00 0.01661
2001/03/06, 00:00 0.05948
2001/03/07, 00:00 0.04161
2001/03/08, 00:00 0.06092
2001/03/09, 00:00 0.06793
2001/03/10, 00:00 0.05452
2001/03/11, 00:00 0.02529
2001/03/12, 00:00 0.05281
2001/03/13, 00:00 0.05819
2001/03/14, 00:00 0.02184
2001/03/15, 00:00 0.03422
2001/03/16, 00:00 0.01708
2001/03/17, 00:00 0.01641
2001/03/18, 00:00 0.02374
2001/03/19, 00:00 0.07075
2001/03/20, 00:00 0.10186
2001/03/21, 00:00 0.02273
2001/03/22, 00:00 0.06879
2001/03/23, 00:00 0.06238
2001/03/24, 00:00 0.07896
2001/03/25, 00:00 0.03879
2001/03/26, 00:00 0.04469
2001/03/27, 00:00 0.02441
2001/03/28, 00:00 0.05102
2001/03/29, 00:00 0.03691
2001/03/30, 00:00 0.03058
2001/03/31, 00:00 0.0446
2001/04/01, 00:00 0.05059
2001/04/02, 00:00 0.02994
2001/04/03, 00:00 0.13019
2001/04/04, 00:00 0.02747
2001/04/05, 00:00 0.04468
2001/04/06, 00:00 0.02084
2001/04/07, 00:00 0.12836
2001/04/08, 00:00 0.03878
2001/04/09, 00:00 0.01647
2001/04/10, 00:00 0.02152
2001/04/11, 00:00 0.04397
2001/04/12, 00:00 0.06634
2001/04/13, 00:00 0.02841
2001/04/14, 00:00 0.09045
2001/04/15, 00:00 0.06078
2001/04/16, 00:00 0.05048
2001/04/17, 00:00 0.01965
2001/04/18, 00:00 0.0388
2001/04/19, 00:00 0.11453
2001/04/20, 00:00 0.03351
2001/04/21, 00:00 0.09668
2001/04/22, 00:00 0.02542
2001/04/23, 00:00 0.10397
2001/04/24, 00:00 0.02287
2001/04/25, 00:00 0.17175
2001/04/26, 00:00 0.08945
2001/04/27, 00:00 0.01897
2001/04/28, 00:00 0.08679
2001/04/29, 00:00 0.10693
2001/04/30, 00:00 0.11719
2001/05/01, 00:00 0.16663
2001/05/02, 00:00 0.2666
2001/05/03, 00:00 0.21936
2001/05/04, 00:00 0.08473
2001/05/05, 00:00 0.02576
2001/05/06, 00:00 0.06275
2001/05/07, 00:00 0.07474
2001/05/08, 00:00 0.0198
2001/05/09, 00:00 0.07251
2001/05/10, 00:00 0.18549
2001/05/11, 00:00 0.18732
2001/05/12, 00:00 0.2677
2001/05/13, 00:00 0.06958
2001/05/14, 00:00 0.36328
2001/05/15, 00:00 0.31348
2001/05/16, 00:00 0.11298
2001/05/17, 00:00 0.10895
2001/05/18, 00:00 0.21973
2001/05/19, 00:00 0.12854
2001/05/20, 00:00 0.26697
2001/05/21, 00:00 0.13129
2001/05/22, 00:00 0.16992
2001/05/23, 00:00 0.18896
2001/05/24, 00:00 0.11774
2001/05/25, 00:00 0.16663
2001/05/26, 00:00 0.05273
2001/05/27, 00:00 0.22156
2001/05/28, 00:00 0.04557
2001/05/29, 00:00 0.27246
2001/05/30, 00:00 0.0509
2001/05/31, 00:00 0.11975
2001/06/01, 00:00 0.18311
2001/06/02, 00:00 0.18201
2001/06/03, 00:00 0.26147
2001/06/04, 00:00 0.15088
2001/06/05, 00:00 0.14545
2001/06/06, 00:00 0.18164
2001/06/07, 00:00 0.245
2001/06/08, 00:00 0.15564
2001/06/09, 00:00 0.11261
2001/06/10, 00:00 0.19904
2001/06/11, 00:00 0.29626
2001/06/12, 00:00 0.1908
2001/06/13, 00:00 0.16003
2001/06/14, 00:00 0.09796
2001/06/15, 00:00 0.13989
2001/06/16, 00:00 0.01202
2001/06/17, 00:00 0.01827
2001/06/18, 00:00 0.22961
2001/06/19, 00:00 0.06885
2001/06/20, 00:00 0.17908
2001/06/21, 00:00 0.23511
2001/06/22, 00:00 0.09485
2001/06/23, 00:00 0.04907
2001/06/24, 00:00 0.28418
2001/06/25, 00:00 0.15656
2001/06/26, 00:00 0.1095
2001/06/27, 00:00 0.07031
2001/06/28, 00:00 0.12268
2001/06/29, 00:00 0.20563
2001/06/30, 00:00 0.00977
2001/07/01, 00:00 0.29958
2001/07/02, 00:00 0.02695
2001/07/03, 00:00 0.33398
2001/07/04, 00:00 0.11682
2001/07/05, 00:00 0.09155
2001/07/06, 00:00 0.32593
2001/07/07, 00:00 0.09998
2001/07/08, 00:00 0.1582
2001/07/09, 00:00 0.00975
2001/07/10, 00:00 0.19755
2001/07/11, 00:00 0.42188
2001/07/12, 00:00 0.21405
2001/07/13, 00:00 0.14319
2001/07/14, 00:00 0.26624
2001/07/15, 00:00 0.26111
2001/07/16, 00:00 0.15894
2001/07/17, 00:00 0.38818
2001/07/18, 00:00 0.375
2001/07/19, 00:00 0.1485
2001/07/20, 00:00 0.09485
2001/07/21, 00:00 0.09595
2001/07/22, 00:00 0.07251
2001/07/23, 00:00 0.26697
2001/07/24, 00:00 0.03809
2001/07/25, 00:00 0.10895
2001/07/26, 00:00 0.21826
2001/07/27, 00:00 0.07983
2001/07/28, 00:00 0.10217
2001/07/29, 00:00 0.13312
2001/07/30, 00:00 0.04102
2001/07/31, 00:00 0.35669
2001/08/01, 00:00 0.14539
2001/08/02, 00:00 0.10437
2001/08/03, 00:00 0.12909
2001/08/04, 00:00 0.34424
2001/08/05, 00:00 0.06812
2001/08/06, 00:00 0.19666
2001/08/07, 00:00 0.10474
2001/08/08, 00:00 0.21497
2001/08/09, 00:00 0.25671
2001/08/10, 00:00 0.17578
2001/08/11, 00:00 0.11151
2001/08/12, 00:00 0.05164
2001/08/13, 00:00 0.01181
2001/08/14, 00:00 0.05964
2001/08/15, 00:00 0.034
2001/08/16, 00:00 0.09302
2001/08/17, 00:00 0.15399
2001/08/18, 00:00 0.04041
2001/08/19, 00:00 0.11334
2001/08/20, 00:00 0.104
2001/08/21, 00:00 0.051
2001/08/22, 00:00 0.11078
2001/08/23, 00:00 0.16406
2001/08/24, 00:00 0.13348
2001/08/25, 00:00 0.09357
2001/08/26, 00:00 0.32959
2001/08/27, 00:00 0.21094
2001/08/28, 00:00 0.15271
2001/08/29, 00:00 0.25562
2001/08/30, 00:00 0.07324
2001/08/31, 00:00 0.06702
2001/09/01, 00:00 0.07027
2001/09/02, 00:00 0.09316
2001/09/03, 00:00 0.09148
2001/09/04, 00:00 0.02087
2001/09/05, 00:00 0.00326
2001/09/06, 00:00 0.03845
2001/09/07, 00:00 0.00508
2001/09/08, 00:00 0.07235
2001/09/09, 00:00 0.32227
2001/09/10, 00:00 0.19885
2001/09/11, 00:00 0.13916
2001/09/12, 00:00 0.07095
2001/09/13, 00:00 0.11755
2001/09/14, 00:00 0.03772
2001/09/15, 00:00 0.06042
2001/09/16, 00:00 0.10025
2001/09/17, 00:00 0.11224
2001/09/18, 00:00 0.19189
2001/09/19, 00:00 0.21936
2001/09/20, 00:00 0.06354
2001/09/21, 00:00 0.1842
2001/09/22, 00:00 0.09869
2001/09/23, 00:00 0.07562
2001/09/24, 00:00 0.16205
2001/09/25, 00:00 0.07544
2001/09/26, 00:00 0.06848
2001/09/27, 00:00 0.05786
2001/09/28, 00:00 0.12817
2001/09/29, 00:00 0.03442
2001/09/30, 00:00 0.05823
2001/10/01, 00:00 0.0822
2001/10/02, 00:00 0.08647
2001/10/03, 00:00 0.07212
2001/10/04, 00:00 0.01859
2001/10/05, 00:00 0.02222
2001/10/06, 00:00 0.0329
2001/10/07, 00:00 0.04315
2001/10/08, 00:00 0.0229
2001/10/09, 00:00 0.05127
2001/10/10, 00:00 0.03008
2001/10/11, 00:00 0.06152
2001/10/12, 00:00 0.04982
2001/10/13, 00:00 0.10948
2001/10/14, 00:00 0.04173
2001/10/15, 00:00 0.09775
2001/10/16, 00:00 0.00879
2001/10/17, 00:00 0.03345
2001/10/18, 00:00 0.
2001/10/19, 00:00 0.037
2001/10/20, 00:00 0.09282
2001/10/21, 00:00 0.04529
2001/10/22, 00:00 0.00684
2001/10/23, 00:00 0.03413
2001/10/24, 00:00 0.0216
2001/10/25, 00:00 0.06376
2001/10/26, 00:00 0.01838
2001/10/27, 00:00 0.02787
2001/10/28, 00:00 0.03528
2001/10/29, 00:00 0.10596
2001/10/30, 00:00 0.02857
2001/10/31, 00:00 0.04375
2001/11/01, 00:00 0.01399
2001/11/02, 00:00 0.02215
2001/11/03, 00:00 0.00275
2001/11/04, 00:00 0.00366
2001/11/05, 00:00 0.00656
2001/11/06, 00:00 0.00088
2001/11/07, 00:00 0.00491
2001/11/08, 00:00 0.01201
2001/11/09, 00:00 0.02673
2001/11/10, 00:00 0.01014
2001/11/11, 00:00 0.00703
2001/11/12, 00:00 0.00491
2001/11/13, 00:00 0.05742
2001/11/14, 00:00 0.02743
2001/11/15, 00:00 0.02106
2001/11/16, 00:00 0.00384
2001/11/17, 00:00 0.02658
2001/11/18, 00:00 0.00194
2001/11/19, 00:00 0.02849
2001/11/20, 00:00 0.02944
2001/11/21, 00:00 0.01824
2001/11/22, 00:00 0.01134
2001/11/23, 00:00 0.01099
2001/11/24, 00:00 0.02985
2001/11/25, 00:00 0.0181
2001/11/26, 00:00 0.04528
2001/11/27, 00:00 0.03516
2001/11/28, 00:00 0.02175
2001/11/29, 00:00 0.02564
2001/11/30, 00:00 0.02775
2001/12/01, 00:00 0.00521
2001/12/02, 00:00 0.00091
2001/12/03, 00:00 0.00225
2001/12/04, 00:00 0.00558
2001/12/05, 00:00 0.01677
2001/12/06, 00:00 0.01113
2001/12/07, 00:00 0.01677
2001/12/08, 00:00 0.01531
2001/12/09, 00:00 0.02943
2001/12/10, 00:00 0.01501
2001/12/11, 00:00 0.00685
2001/12/12, 00:00 0.03758
2001/12/13, 00:00 0.00923
2001/12/14, 00:00 0.04541
2001/12/15, 00:00 0.00593
2001/12/16, 00:00 0.00235
2001/12/17, 00:00 0.03874
2001/12/18, 00:00 0.0244
2001/12/19, 00:00 0.0148
2001/12/20, 00:00 0.02246
2001/12/21, 00:00 0.02277
2001/12/22, 00:00 0.00775
2001/12/23, 00:00 0.00705
2001/12/24, 00:00 0.02243
2001/12/25, 00:00 0.01666
2001/12/26, 00:00 0.00081
2001/12/27, 00:00 0.0082
2001/12/28, 00:00 0.00553
2001/12/29, 00:00 0.01529
2001/12/30, 00:00 0.00663
2001/12/31, 00:00 0.00188
2002/01/01, 00:00 0.05478
2002/01/02, 00:00 0.01839
2002/01/03, 00:00 0.00788
2002/01/04, 00:00 0.02226
2002/01/05, 00:00 0.02939
2002/01/06, 00:00 0.0457
2002/01/07, 00:00 0.04018
2002/01/08, 00:00 0.07266
2002/01/09, 00:00 0.01134
2002/01/10, 00:00 0.01332
2002/01/11, 00:00 0.0231
2002/01/12, 00:00 0.0425
2002/01/13, 00:00 0.01405
2002/01/14, 00:00 0.038
2002/01/15, 00:00 0.02562
2002/01/16, 00:00 0.01756
2002/01/17, 00:00 0.00759
2002/01/18, 00:00 0.04153
2002/01/19, 00:00 0.0308
2002/01/20, 00:00 0.075
2002/01/21, 00:00 0.03545
2002/01/22, 00:00 0.06328
2002/01/23, 00:00 0.04373
2002/01/24, 00:00 0.03289
2002/01/25, 00:00 0.03882
2002/01/26, 00:00 0.04446
2002/01/27, 00:00 0.02849
2002/01/28, 00:00 0.03058
2002/01/29, 00:00 0.00513
2002/01/30, 00:00 0.02911
2002/01/31, 00:00 0.01403
2002/02/01, 00:00 0.03097
2002/02/02, 00:00 0.00032
2002/02/03, 00:00 0.02468
2002/02/04, 00:00 0.00901
2002/02/05, 00:00 0.0152
2002/02/06, 00:00 0.02337
2002/02/07, 00:00 0.08159
2002/02/08, 00:00 0.05193
2002/02/09, 00:00 0.03215
2002/02/10, 00:00 0.07354
2002/02/11, 00:00 0.00967
2002/02/12, 00:00 0.01172
2002/02/13, 00:00 0.02124
2002/02/14, 00:00 0.00824
2002/02/15, 00:00 0.03054
2002/02/16, 00:00 0.01611
2002/02/17, 00:00 0.02717
2002/02/18, 00:00 0.04505
2002/02/19, 00:00 0.04712
2002/02/20, 00:00 0.01545
2002/02/21, 00:00 0.06797
2002/02/22, 00:00 0.0131
2002/02/23, 00:00 0.02227
2002/02/24, 00:00 0.02274
2002/02/25, 00:00 0.00102
2002/02/26, 00:00 0.02761
2002/02/27, 00:00 0.00787
2002/02/28, 00:00 0.00063
2002/03/01, 00:00 0.01091
2002/03/02, 00:00 0.08323
2002/03/03, 00:00 0.08271
2002/03/04, 00:00 0.00535
2002/03/05, 00:00 0.02583
2002/03/06, 00:00 0.01108
2002/03/07, 00:00 0.05759
2002/03/08, 00:00 0.1022
2002/03/09, 00:00 0.06537
2002/03/10, 00:00 0.08237
2002/03/11, 00:00 0.04363
2002/03/12, 00:00 0.09239
2002/03/13, 00:00 0.03838
2002/03/14, 00:00 0.00531
2002/03/15, 00:00 0.01962
2002/03/16, 00:00 0.05858
2002/03/17, 00:00 0.16406
2002/03/18, 00:00 0.01595
2002/03/19, 00:00 0.07537
2002/03/20, 00:00 0.07793
2002/03/21, 00:00 0.01249
2002/03/22, 00:00 0.05127
2002/03/23, 00:00 0.07485
2002/03/24, 00:00 0.10151
2002/03/25, 00:00 0.07716
2002/03/26, 00:00 0.08494
2002/03/27, 00:00 0.1366
2002/03/28, 00:00 0.08801
2002/03/29, 00:00 0.04973
2002/03/30, 00:00 0.01646
2002/03/31, 00:00 0.13535
2002/04/01, 00:00 0.02836
2002/04/02, 00:00 0.0878
2002/04/03, 00:00 0.07242
2002/04/04, 00:00 0.21857
2002/04/05, 00:00 0.15535
2002/04/06, 00:00 0.34819
2002/04/07, 00:00 0.12041
2002/04/08, 00:00 0.0265
2002/04/09, 00:00 0.05727
2002/04/10, 00:00 0.18516
2002/04/11, 00:00 0.04848
2002/04/12, 00:00 0.06546
2002/04/13, 00:00 0.1734
2002/04/14, 00:00 0.17468
2002/04/15, 00:00 0.12997
2002/04/16, 00:00 0.1062
2002/04/17, 00:00 0.16992
2002/04/18, 00:00 0.10217
2002/04/19, 00:00 0.01556
2002/04/20, 00:00 0.06045
2002/04/21, 00:00 0.05107
2002/04/22, 00:00 0.10113
2002/04/23, 00:00 0.06555
2002/04/24, 00:00 0.06738
2002/04/25, 00:00 0.01574
2002/04/26, 00:00 0.07141
2002/04/27, 00:00 0.14117
2002/04/28, 00:00 0.02417
2002/04/29, 00:00 0.026
2002/04/30, 00:00 0.10144
2002/05/01, 00:00 0.10867
2002/05/02, 00:00 0.15857
2002/05/03, 00:00 0.19519
2002/05/04, 00:00 0.14246
2002/05/05, 00:00 0.14337
2002/05/06, 00:00 0.14392
2002/05/07, 00:00 0.13531
2002/05/08, 00:00 0.0769
2002/05/09, 00:00 0.05412
2002/05/10, 00:00 0.01738
2002/05/11, 00:00 0.26567
2002/05/12, 00:00 0.22705
2002/05/13, 00:00 0.22028
2002/05/14, 00:00 0.0564
2002/05/15, 00:00 0.06702
2002/05/16, 00:00 0.0263
2002/05/17, 00:00 0.12323
2002/05/18, 00:00 0.06226
2002/05/19, 00:00 0.20032
2002/05/20, 00:00 0.06207
2002/05/21, 00:00 0.15381
2002/05/22, 00:00 0.02118
2002/05/23, 00:00 0.01711
2002/05/24, 00:00 0.05536
2002/05/25, 00:00 0.06675
2002/05/26, 00:00 0.245
2002/05/27, 00:00 0.05359
2002/05/28, 00:00 0.10638
2002/05/29, 00:00 0.17505
2002/05/30, 00:00 0.17139
2002/05/31, 00:00 0.30762
2002/06/01, 00:00 0.12122
2002/06/02, 00:00 0.04634
2002/06/03, 00:00 0.10911
2002/06/04, 00:00 0.05054
2002/06/05, 00:00 0.15784
2002/06/06, 00:00 0.09485
2002/06/07, 00:00 0.13568
2002/06/08, 00:00 0.29741
2002/06/09, 00:00 0.2355
2002/06/10, 00:00 0.31494
2002/06/11, 00:00 0.28784
2002/06/12, 00:00 0.15967
2002/06/13, 00:00 0.13432
2002/06/14, 00:00 0.
2002/06/15, 00:00 0.20032
2002/06/16, 00:00 0.15967
2002/06/17, 00:00 0.3501
2002/06/18, 00:00 0.35156
2002/06/19, 00:00 0.16809
2002/06/20, 00:00 0.1615
2002/06/21, 00:00 0.15125
2002/06/22, 00:00 0.117
2002/06/23, 00:00 0.20032
2002/06/24, 00:00 0.3184
2002/06/25, 00:00 0.01829
2002/06/26, 00:00 0.04881
2002/06/27, 00:00 0.16571
2002/06/28, 00:00 0.31567
2002/06/29, 00:00 0.21863
2002/06/30, 00:00 0.41895
2002/07/01, 00:00 0.24738
2002/07/02, 00:00 0.13934
2002/07/03, 00:00 0.2677
2002/07/04, 00:00 0.11667
2002/07/05, 00:00 0.11034
2002/07/06, 00:00 0.32593
2002/07/07, 00:00 0.19501
2002/07/08, 00:00 0.44238
2002/07/09, 00:00 0.17468
2002/07/10, 00:00 0.18311
2002/07/11, 00:00 0.22522
2002/07/12, 00:00 0.1615
2002/07/13, 00:00 0.06995
2002/07/14, 00:00 0.27905
2002/07/15, 00:00 0.18457
2002/07/16, 00:00 0.27576
2002/07/17, 00:00 0.16003
2002/07/18, 00:00 0.17725
2002/07/19, 00:00 0.08643
2002/07/20, 00:00 0.14063
2002/07/21, 00:00 0.15564
2002/07/22, 00:00 0.06665
2002/07/23, 00:00 0.23181
2002/07/24, 00:00 0.1073
2002/07/25, 00:00 0.34863
2002/07/26, 00:00 0.14923
2002/07/27, 00:00 0.0846
2002/07/28, 00:00 0.24536
2002/07/29, 00:00 0.37207
2002/07/30, 00:00 0.10181
2002/07/31, 00:00 0.28748
2002/08/01, 00:00 0.12982
2002/08/02, 00:00 0.10547
2002/08/03, 00:00 0.17834
2002/08/04, 00:00 0.16113
2002/08/05, 00:00 0.17322
2002/08/06, 00:00 0.38379
2002/08/07, 00:00 0.17633
2002/08/08, 00:00 0.14063
2002/08/09, 00:00 0.19812
2002/08/10, 00:00 0.31274
2002/08/11, 00:00 0.22852
2002/08/12, 00:00 0.32666
2002/08/13, 00:00 0.10181
2002/08/14, 00:00 0.10657
2002/08/15, 00:00 0.25891
2002/08/16, 00:00 0.04541
2002/08/17, 00:00 0.19775
2002/08/18, 00:00 0.22156
2002/08/19, 00:00 0.11005
2002/08/20, 00:00 0.14868
2002/08/21, 00:00 0.05273
2002/08/22, 00:00 0.06116
2002/08/23, 00:00 0.13971
2002/08/24, 00:00 0.17743
2002/08/25, 00:00 0.17688
2002/08/26, 00:00 0.18768
2002/08/27, 00:00 0.13861
2002/08/28, 00:00 0.18329
2002/08/29, 00:00 0.25269
2002/08/30, 00:00 0.19336
2002/08/31, 00:00 0.07897
2002/09/01, 00:00 0.23291
2002/09/02, 00:00 0.06354
2002/09/03, 00:00 0.28048
2002/09/04, 00:00 0.19849
2002/09/05, 00:00 0.02618
2002/09/06, 00:00 0.04633
2002/09/07, 00:00 0.375
2002/09/08, 00:00 0.02454
2002/09/09, 00:00 0.03625
2002/09/10, 00:00 0.03351
2002/09/11, 00:00 0.0553
2002/09/12, 00:00 0.16205
2002/09/13, 00:00 0.14357
2002/09/14, 00:00 0.091
2002/09/15, 00:00 0.15486
2002/09/16, 00:00 0.16058
2002/09/17, 00:00 0.08972
2002/09/18, 00:00 0.17358
2002/09/19, 00:00 0.05304
2002/09/20, 00:00 0.10573
2002/09/21, 00:00 0.0739
2002/09/22, 00:00 0.07086
2002/09/23, 00:00 0.03168
2002/09/24, 00:00 0.0553
2002/09/25, 00:00 0.06555
2002/09/26, 00:00 0.06821
2002/09/27, 00:00 0.10913
2002/09/28, 00:00 0.17761
2002/09/29, 00:00 0.09606
2002/09/30, 00:00 0.05753
2002/10/01, 00:00 0.16406
2002/10/02, 00:00 0.03157
2002/10/03, 00:00 0.09639
2002/10/04, 00:00 0.05597
2002/10/05, 00:00 0.00957
2002/10/06, 00:00 0.02692
2002/10/07, 00:00 0.0305
2002/10/08, 00:00 0.03174
2002/10/09, 00:00 0.01718
2002/10/10, 00:00 0.07502
2002/10/11, 00:00 0.08716
2002/10/12, 00:00 0.03176
2002/10/13, 00:00 0.02871
2002/10/14, 00:00 0.00617
2002/10/15, 00:00 0.09281
2002/10/16, 00:00 0.06648
2002/10/17, 00:00 0.04572
2002/10/18, 00:00 0.0267
2002/10/19, 00:00 0.02452
2002/10/20, 00:00 0.02854
2002/10/21, 00:00 0.01752
2002/10/22, 00:00 0.074
2002/10/23, 00:00 0.07451
2002/10/24, 00:00 0.05554
2002/10/25, 00:00 0.01037
2002/10/26, 00:00 0.02826
2002/10/27, 00:00 0.03062
2002/10/28, 00:00 0.00632
2002/10/29, 00:00 0.02794
2002/10/30, 00:00 0.04187
2002/10/31, 00:00 0.08049
2002/11/01, 00:00 0.05187
2002/11/02, 00:00 0.04994
2002/11/03, 00:00 0.01518
2002/11/04, 00:00 0.05147
2002/11/05, 00:00 0.03625
2002/11/06, 00:00 0.02083
2002/11/07, 00:00 0.03699
2002/11/08, 00:00 0.0103
2002/11/09, 00:00 0.03058
2002/11/10, 00:00 0.02341
2002/11/11, 00:00 0.02681
2002/11/12, 00:00 0.02084
2002/11/13, 00:00 0.01084
2002/11/14, 00:00 0.00516
2002/11/15, 00:00 0.00241
2002/11/16, 00:00 0.01494
2002/11/17, 00:00 0.00099
2002/11/18, 00:00 0.03194
2002/11/19, 00:00 0.0122
2002/11/20, 00:00 0.00593
2002/11/21, 00:00 0.02564
2002/11/22, 00:00 0.03767
2002/11/23, 00:00 0.00701
2002/11/24, 00:00 0.00773
2002/11/25, 00:00 0.00487
2002/11/26, 00:00 0.00911
2002/11/27, 00:00 0.01014
2002/11/28, 00:00 0.01595
2002/11/29, 00:00 0.01165
2002/11/30, 00:00 0.01187
2002/12/01, 00:00 0.00397
2002/12/02, 00:00 0.01268
2002/12/03, 00:00 0.
2002/12/04, 00:00 0.03799
2002/12/05, 00:00 0.01359
2002/12/06, 00:00 0.02334
2002/12/07, 00:00 0.00119
2002/12/08, 00:00 0.00029
2002/12/09, 00:00 0.00062
2002/12/10, 00:00 0.00077
2002/12/11, 00:00 0.03025
2002/12/12, 00:00 0.00328
2002/12/13, 00:00 0.01366
2002/12/14, 00:00 0.00203
2002/12/15, 00:00 0.02439
2002/12/16, 00:00 0.03823
2002/12/17, 00:00 0.02754
2002/12/18, 00:00 0.00181
2002/12/19, 00:00 0.00511
2002/12/20, 00:00 0.00764
2002/12/21, 00:00 0.02423
2002/12/22, 00:00 0.028
2002/12/23, 00:00 0.04194
2002/12/24, 00:00 0.00694
2002/12/25, 00:00 0.
2002/12/26, 00:00 0.038
2002/12/27, 00:00 0.01052
2002/12/28, 00:00 0.0169
2002/12/29, 00:00 0.02366
2002/12/30, 00:00 0.01846
2002/12/31, 00:00 0.00945
2003/01/01, 00:00 0.00081
2003/01/02, 00:00 0.02959
2003/01/03, 00:00 0.04775
2003/01/04, 00:00 0.05889
2003/01/05, 00:00 0.03519
2003/01/06, 00:00 0.02047
2003/01/07, 00:00 0.01399
2003/01/08, 00:00 0.01868
2003/01/09, 00:00 0.01274
2003/01/10, 00:00 0.01362
2003/01/11, 00:00 0.03197
2003/01/12, 00:00 0.03149
2003/01/13, 00:00 0.00535
2003/01/14, 00:00 0.01864
2003/01/15, 00:00 0.02798
2003/01/16, 00:00 0.01769
2003/01/17, 00:00 0.02844
2003/01/18, 00:00 0.02919
2003/01/19, 00:00 0.00337
2003/01/20, 00:00 0.01904
2003/01/21, 00:00 0.02902
2003/01/22, 00:00 0.03706
2003/01/23, 00:00 0.03893
2003/01/24, 00:00 0.00713
2003/01/25, 00:00 0.02373
2003/01/26, 00:00 0.01503
2003/01/27, 00:00 0.01005
2003/01/28, 00:00 0.0247
2003/01/29, 00:00 0.01583
2003/01/30, 00:00 0.02728
2003/01/31, 00:00 0.02637
2003/02/01, 00:00 0.0137
2003/02/02, 00:00 0.09609
2003/02/03, 00:00 0.0145
2003/02/04, 00:00 0.06182
2003/02/05, 00:00 0.06006
2003/02/06, 00:00 0.04141
2003/02/07, 00:00 0.01033
2003/02/08, 00:00 0.06028
2003/02/09, 00:00 0.08818
2003/02/10, 00:00 0.0102
2003/02/11, 00:00 0.0134
2003/02/12, 00:00 0.00098
2003/02/13, 00:00 0.06899
2003/02/14, 00:00 0.02759
2003/02/15, 00:00 0.00018
2003/02/16, 00:00 0.0076
2003/02/17, 00:00 0.03572
2003/02/18, 00:00 0.01574
2003/02/19, 00:00 0.02301
2003/02/20, 00:00 0.02149
2003/02/21, 00:00 0.03362
2003/02/22, 00:00 0.01849
2003/02/23, 00:00 0.05676
2003/02/24, 00:00 0.01161
2003/02/25, 00:00 0.01359
2003/02/26, 00:00 0.06013
2003/02/27, 00:00 0.01235
2003/02/28, 00:00 0.02666
2003/03/01, 00:00 0.07017
2003/03/02, 00:00 0.12202
2003/03/03, 00:00 0.03333
2003/03/04, 00:00 0.07844
2003/03/05, 00:00 0.10926
2003/03/06, 00:00 0.03785
2003/03/07, 00:00 0.04986
2003/03/08, 00:00 0.06741
2003/03/09, 00:00 0.05289
2003/03/10, 00:00 0.10049
2003/03/11, 00:00 0.11348
2003/03/12, 00:00 0.01812
2003/03/13, 00:00 0.12065
2003/03/14, 00:00 0.03076
2003/03/15, 00:00 0.07263
2003/03/16, 00:00 0.02743
2003/03/17, 00:00 0.05529
2003/03/18, 00:00 0.06263
2003/03/19, 00:00 0.06289
2003/03/20, 00:00 0.07501
2003/03/21, 00:00 0.10732
2003/03/22, 00:00 0.08382
2003/03/23, 00:00 0.07257
2003/03/24, 00:00 0.09765
2003/03/25, 00:00 0.03965
2003/03/26, 00:00 0.03112
2003/03/27, 00:00 0.01456
2003/03/28, 00:00 0.08135
2003/03/29, 00:00 0.0506
2003/03/30, 00:00 0.0139
2003/03/31, 00:00 0.08008
2003/04/01, 00:00 0.06555
2003/04/02, 00:00 0.01465
2003/04/03, 00:00 0.01331
2003/04/04, 00:00 0.01685
2003/04/05, 00:00 0.0954
2003/04/06, 00:00 0.0139
2003/04/07, 00:00 0.06702
2003/04/08, 00:00 0.08937
2003/04/09, 00:00 0.20702
2003/04/10, 00:00 0.08195
2003/04/11, 00:00 0.24127
2003/04/12, 00:00 0.06416
2003/04/13, 00:00 0.24316
2003/04/14, 00:00 0.09238
2003/04/15, 00:00 0.07324
2003/04/16, 00:00 0.15875
2003/04/17, 00:00 0.02985
2003/04/18, 00:00 0.15326
2003/04/19, 00:00 0.08405
2003/04/20, 00:00 0.06244
2003/04/21, 00:00 0.23291
2003/04/22, 00:00 0.12323
2003/04/23, 00:00 0.0509
2003/04/24, 00:00 0.07625
2003/04/25, 00:00 0.06326
2003/04/26, 00:00 0.22852
2003/04/27, 00:00 0.05218
2003/04/28, 00:00 0.11364
2003/04/29, 00:00 0.17834
2003/04/30, 00:00 0.04266
2003/05/01, 00:00 0.11829
2003/05/02, 00:00 0.22229
2003/05/03, 00:00 0.14227
2003/05/04, 00:00 0.20551
2003/05/05, 00:00 0.00272
2003/05/06, 00:00 0.12022
2003/05/07, 00:00 0.12267
2003/05/08, 00:00 0.20603
2003/05/09, 00:00 0.1333
2003/05/10, 00:00 0.16498
2003/05/11, 00:00 0.14337
2003/05/12, 00:00 0.09998
2003/05/13, 00:00 0.14832
2003/05/14, 00:00 0.1615
2003/05/15, 00:00 0.08629
2003/05/16, 00:00 0.15233
2003/05/17, 00:00 0.19592
2003/05/18, 00:00 0.0037
2003/05/19, 00:00 0.23267
2003/05/20, 00:00 0.07324
2003/05/21, 00:00 0.1604
2003/05/22, 00:00 0.02967
2003/05/23, 00:00 0.19812
2003/05/24, 00:00 0.0876
2003/05/25, 00:00 0.25268
2003/05/26, 00:00 0.00762
2003/05/27, 00:00 0.33252
2003/05/28, 00:00 0.14484
2003/05/29, 00:00 0.03918
2003/05/30, 00:00 0.08826
2003/05/31, 00:00 0.02786
2003/06/01, 00:00 0.20911
2003/06/02, 00:00 0.1194
2003/06/03, 00:00 0.1767
2003/06/04, 00:00 0.08489
2003/06/05, 00:00 0.03754
2003/06/06, 00:00 0.02947
2003/06/07, 00:00 0.25415
2003/06/08, 00:00 0.01946
2003/06/09, 00:00 0.05588
2003/06/10, 00:00 0.05252
2003/06/11, 00:00 0.01436
2003/06/12, 00:00 0.26733
2003/06/13, 00:00 0.03761
2003/06/14, 00:00 0.20371
2003/06/15, 00:00 0.30396
2003/06/16, 00:00 0.17999
2003/06/17, 00:00 0.04878
2003/06/18, 00:00 0.24792
2003/06/19, 00:00 0.00282
2003/06/20, 00:00 0.08606
2003/06/21, 00:00 0.29004
2003/06/22, 00:00 0.16516
2003/06/23, 00:00 0.18127
2003/06/24, 00:00 0.14044
2003/06/25, 00:00 0.1214
2003/06/26, 00:00 0.42188
2003/06/27, 00:00 0.03369
2003/06/28, 00:00 0.1875
2003/06/29, 00:00 0.27063
2003/06/30, 00:00 0.11115
2003/07/01, 00:00 0.12378
2003/07/02, 00:00 0.24133
2003/07/03, 00:00 0.30029
2003/07/04, 00:00 0.17816
2003/07/05, 00:00 0.29883
2003/07/06, 00:00 0.10181
2003/07/07, 00:00 0.03423
2003/07/08, 00:00 0.21011
2003/07/09, 00:00 0.0769
2003/07/10, 00:00 0.18585
2003/07/11, 00:00 0.14978
2003/07/12, 00:00 0.20563
2003/07/13, 00:00 0.10291
2003/07/14, 00:00 0.24756
2003/07/15, 00:00 0.24023
2003/07/16, 00:00 0.11755
2003/07/17, 00:00 0.07617
2003/07/18, 00:00 0.30835
2003/07/19, 00:00 0.0542
2003/07/20, 00:00 0.06921
2003/07/21, 00:00 0.40283
2003/07/22, 00:00 0.16003
2003/07/23, 00:00 0.1745
2003/07/24, 00:00 0.28748
2003/07/25, 00:00 0.18823
2003/07/26, 00:00 0.11609
2003/07/27, 00:00 0.23108
2003/07/28, 00:00 0.15436
2003/07/29, 00:00 0.16443
2003/07/30, 00:00 0.18585
2003/07/31, 00:00 0.11572
2003/08/01, 00:00 0.18677
2003/08/02, 00:00 0.14355
2003/08/03, 00:00 0.16956
2003/08/04, 00:00 0.10144
2003/08/05, 00:00 0.19263
2003/08/06, 00:00 0.14795
2003/08/07, 00:00 0.19226
2003/08/08, 00:00 0.1062
2003/08/09, 00:00 0.1474
2003/08/10, 00:00 0.13495
2003/08/11, 00:00 0.10272
2003/08/12, 00:00 0.29956
2003/08/13, 00:00 0.16772
2003/08/14, 00:00 0.09119
2003/08/15, 00:00 0.04907
2003/08/16, 00:00 0.35156
2003/08/17, 00:00 0.21991
2003/08/18, 00:00 0.34863
2003/08/19, 00:00 0.25818
2003/08/20, 00:00 0.18036
2003/08/21, 00:00 0.17651
2003/08/22, 00:00 0.12067
2003/08/23, 00:00 0.1908
2003/08/24, 00:00 0.20728
2003/08/25, 00:00 0.36328
2003/08/26, 00:00 0.25745
2003/08/27, 00:00 0.14172
2003/08/28, 00:00 0.1441
2003/08/29, 00:00 0.16699
2003/08/30, 00:00 0.18805
2003/08/31, 00:00 0.22412
2003/09/01, 00:00 0.46875
2003/09/02, 00:00 0.19178
2003/09/03, 00:00 0.13934
2003/09/04, 00:00 0.08185
2003/09/05, 00:00 0.18311
2003/09/06, 00:00 0.16479
2003/09/07, 00:00 0.04944
2003/09/08, 00:00 0.15381
2003/09/09, 00:00 0.07077
2003/09/10, 00:00 0.14832
2003/09/11, 00:00 0.06784
2003/09/12, 00:00 0.20654
2003/09/13, 00:00 0.05786
2003/09/14, 00:00 0.02234
2003/09/15, 00:00 0.14685
2003/09/16, 00:00 0.04102
2003/09/17, 00:00 0.22339
2003/09/18, 00:00 0.07837
2003/09/19, 00:00 0.11679
2003/09/20, 00:00 0.17801
2003/09/21, 00:00 0.02997
2003/09/22, 00:00 0.03279
2003/09/23, 00:00 0.02926
2003/09/24, 00:00 0.06354
2003/09/25, 00:00 0.13879
2003/09/26, 00:00 0.00597
2003/09/27, 00:00 0.22617
2003/09/28, 00:00 0.11546
2003/09/29, 00:00 0.00917
2003/09/30, 00:00 0.1214
2003/10/01, 00:00 0.05145
2003/10/02, 00:00 0.01225
2003/10/03, 00:00 0.03127
2003/10/04, 00:00 0.06834
2003/10/05, 00:00 0.07964
2003/10/06, 00:00 0.03373
2003/10/07, 00:00 0.07936
2003/10/08, 00:00 0.02294
2003/10/09, 00:00 0.04098
2003/10/10, 00:00 0.02199
2003/10/11, 00:00 0.01715
2003/10/12, 00:00 0.06802
2003/10/13, 00:00 0.04008
2003/10/14, 00:00 0.05306
2003/10/15, 00:00 0.03461
2003/10/16, 00:00 0.06528
2003/10/17, 00:00 0.0147
2003/10/18, 00:00 0.00735
2003/10/19, 00:00 0.10254
2003/10/20, 00:00 0.05238
2003/10/21, 00:00 0.01529
2003/10/22, 00:00 0.02405
2003/10/23, 00:00 0.09228
2003/10/24, 00:00 0.03683
2003/10/25, 00:00 0.0376
2003/10/26, 00:00 0.05341
2003/10/27, 00:00 0.04643
2003/10/28, 00:00 0.01984
2003/10/29, 00:00 0.02326
2003/10/30, 00:00 0.06576
2003/10/31, 00:00 0.13164
2003/11/01, 00:00 0.07084
2003/11/02, 00:00 0.02571
2003/11/03, 00:00 0.02769
2003/11/04, 00:00 0.01718
2003/11/05, 00:00 0.01787
2003/11/06, 00:00 0.02036
2003/11/07, 00:00 0.00359
2003/11/08, 00:00 0.01454
2003/11/09, 00:00 0.01055
2003/11/10, 00:00 0.03574
2003/11/11, 00:00 0.00858
2003/11/12, 00:00 0.00061
2003/11/13, 00:00 0.02416
2003/11/14, 00:00 0.07384
2003/11/15, 00:00 0.0101
2003/11/16, 00:00 0.00605
2003/11/17, 00:00 0.07653
2003/11/18, 00:00 0.
2003/11/19, 00:00 0.02472
2003/11/20, 00:00 0.02352
2003/11/21, 00:00 0.0129
2003/11/22, 00:00 0.04443
2003/11/23, 00:00 0.01029
2003/11/24, 00:00 0.0056
2003/11/25, 00:00 0.00755
2003/11/26, 00:00 0.00594
2003/11/27, 00:00 0.00228
2003/11/28, 00:00 0.01732
2003/11/29, 00:00 0.01985
2003/11/30, 00:00 0.0109
2003/12/01, 00:00 0.01102
2003/12/02, 00:00 0.03502
2003/12/03, 00:00 0.01738
2003/12/04, 00:00 0.00275
2003/12/05, 00:00 0.01029
2003/12/06, 00:00 0.
2003/12/07, 00:00 0.01046
2003/12/08, 00:00 0.01463
2003/12/09, 00:00 0.00311
2003/12/10, 00:00 0.0043
2003/12/11, 00:00 0.01951
2003/12/12, 00:00 0.01077
2003/12/13, 00:00 0.05909
2003/12/14, 00:00 0.06006
2003/12/15, 00:00 0.03629
2003/12/16, 00:00 0.00478
2003/12/17, 00:00 0.03538
2003/12/18, 00:00 0.02782
2003/12/19, 00:00 0.02549
2003/12/20, 00:00 0.02712
2003/12/21, 00:00 0.02525
2003/12/22, 00:00 0.00672
2003/12/23, 00:00 0.02775
2003/12/24, 00:00 0.0126
2003/12/25, 00:00 0.08687
2003/12/26, 00:00 0.02496
2003/12/27, 00:00 0.00029
2003/12/28, 00:00 0.00151
2003/12/29, 00:00 0.02565
2003/12/30, 00:00 0.01641
2003/12/31, 00:00 0.02812
2004/01/01, 00:00 0.02955
2004/01/02, 00:00 0.02742
2004/01/03, 00:00 0.01713
2004/01/04, 00:00 0.05196
2004/01/05, 00:00 0.04785
2004/01/06, 00:00 0.01528
2004/01/07, 00:00 0.04373
2004/01/08, 00:00 0.01432
2004/01/09, 00:00 0.01842
2004/01/10, 00:00 0.0197
2004/01/11, 00:00 0.03252
2004/01/12, 00:00 0.0256
2004/01/13, 00:00 0.0394
2004/01/14, 00:00 0.04299
2004/01/15, 00:00 0.03765
2004/01/16, 00:00 0.04006
2004/01/17, 00:00 0.04434
2004/01/18, 00:00 0.01344
2004/01/19, 00:00 0.01923
2004/01/20, 00:00 0.03136
2004/01/21, 00:00 0.0156
2004/01/22, 00:00 0.0204
2004/01/23, 00:00 0.01189
2004/01/24, 00:00 0.01166
2004/01/25, 00:00 0.02761
2004/01/26, 00:00 0.00787
2004/01/27, 00:00 0.01174
2004/01/28, 00:00 0.02918
2004/01/29, 00:00 0.04512
2004/01/30, 00:00 0.03076
2004/01/31, 00:00 0.01743
2004/02/01, 00:00 0.0386
2004/02/02, 00:00 0.00842
2004/02/03, 00:00 0.02629
2004/02/04, 00:00 0.00997
2004/02/05, 00:00 0.05317
2004/02/06, 00:00 0.03442
2004/02/07, 00:00 0.06694
2004/02/08, 00:00 0.02314
2004/02/09, 00:00 0.05068
2004/02/10, 00:00 0.04409
2004/02/11, 00:00 0.05537
2004/02/12, 00:00 0.02161
2004/02/13, 00:00 0.02432
2004/02/14, 00:00 0.01496
2004/02/15, 00:00 0.03366
2004/02/16, 00:00 0.03718
2004/02/17, 00:00 0.01338
2004/02/18, 00:00 0.02891
2004/02/19, 00:00 0.01144
2004/02/20, 00:00 0.03407
2004/02/21, 00:00 0.03373
2004/02/22, 00:00 0.05808
2004/02/23, 00:00 0.00531
2004/02/24, 00:00 0.02243
2004/02/25, 00:00 0.03567
2004/02/26, 00:00 0.0728
2004/02/27, 00:00 0.00775
2004/02/28, 00:00 0.0344
2004/02/29, 00:00 0.01459
2004/03/01, 00:00 0.00973
2004/03/02, 00:00 0.04403
2004/03/03, 00:00 0.10273
2004/03/04, 00:00 0.00608
2004/03/05, 00:00 0.04016
2004/03/06, 00:00 0.04375
2004/03/07, 00:00 0.04076
2004/03/08, 00:00 0.01778
2004/03/09, 00:00 0.02034
2004/03/10, 00:00 0.09567
2004/03/11, 00:00 0.04713
2004/03/12, 00:00 0.01673
2004/03/13, 00:00 0.0318
2004/03/14, 00:00 0.04113
2004/03/15, 00:00 0.08887
2004/03/16, 00:00 0.08442
2004/03/17, 00:00 0.14082
2004/03/18, 00:00 0.09006
2004/03/19, 00:00 0.06639
2004/03/20, 00:00 0.05691
2004/03/21, 00:00 0.03854
2004/03/22, 00:00 0.00273
2004/03/23, 00:00 0.05537
2004/03/24, 00:00 0.01094
2004/03/25, 00:00 0.04683
2004/03/26, 00:00 0.01461
2004/03/27, 00:00 0.01411
2004/03/28, 00:00 0.00546
2004/03/29, 00:00 0.11025
2004/03/30, 00:00 0.00162
2004/03/31, 00:00 0.01802
2004/04/01, 00:00 0.02551
2004/04/02, 00:00 0.00315
2004/04/03, 00:00 0.08826
2004/04/04, 00:00 0.03355
2004/04/05, 00:00 0.0966
2004/04/06, 00:00 0.16809
2004/04/07, 00:00 0.03076
2004/04/08, 00:00 0.05164
2004/04/09, 00:00 0.23584
2004/04/10, 00:00 0.06046
2004/04/11, 00:00 0.1206
2004/04/12, 00:00 0.0464
2004/04/13, 00:00 0.10694
2004/04/14, 00:00 0.09298
2004/04/15, 00:00 0.10851
2004/04/16, 00:00 0.06976
2004/04/17, 00:00 0.01049
2004/04/18, 00:00 0.03003
2004/04/19, 00:00 0.11957
2004/04/20, 00:00 0.1626
2004/04/21, 00:00 0.07077
2004/04/22, 00:00 0.10034
2004/04/23, 00:00 0.06683
2004/04/24, 00:00 0.19116
2004/04/25, 00:00 0.11371
2004/04/26, 00:00 0.10327
2004/04/27, 00:00 0.00416
2004/04/28, 00:00 0.02211
2004/04/29, 00:00 0.1571
2004/04/30, 00:00 0.15857
2004/05/01, 00:00 0.13055
2004/05/02, 00:00 0.05237
2004/05/03, 00:00 0.01898
2004/05/04, 00:00 0.13239
2004/05/05, 00:00 0.10895
2004/05/06, 00:00 0.23694
2004/05/07, 00:00 0.08807
2004/05/08, 00:00 0.05939
2004/05/09, 00:00 0.13279
2004/05/10, 00:00 0.22778
2004/05/11, 00:00 0.13202
2004/05/12, 00:00 0.22852
2004/05/13, 00:00 0.08826
2004/05/14, 00:00 0.11151
2004/05/15, 00:00 0.07178
2004/05/16, 00:00 0.01919
2004/05/17, 00:00 0.03202
2004/05/18, 00:00 0.09778
2004/05/19, 00:00 0.13477
2004/05/20, 00:00 0.07507
2004/05/21, 00:00 0.07178
2004/05/22, 00:00 0.09869
2004/05/23, 00:00 0.19611
2004/05/24, 00:00 0.17139
2004/05/25, 00:00 0.15967
2004/05/26, 00:00 0.08405
2004/05/27, 00:00 0.25452
2004/05/28, 00:00 0.104
2004/05/29, 00:00 0.22375
2004/05/30, 00:00 0.11957
2004/05/31, 00:00 0.03516
2004/06/01, 00:00 0.3501
2004/06/02, 00:00 0.06958
2004/06/03, 00:00 0.049
2004/06/04, 00:00 0.18851
2004/06/05, 00:00 0.07862
2004/06/06, 00:00 0.02044
2004/06/07, 00:00 0.17889
2004/06/08, 00:00 0.2179
2004/06/09, 00:00 0.03223
2004/06/10, 00:00 0.09595
2004/06/11, 00:00 0.06812
2004/06/12, 00:00 0.12275
2004/06/13, 00:00 0.12341
2004/06/14, 00:00 0.19226
2004/06/15, 00:00 0.29736
2004/06/16, 00:00 0.21405
2004/06/17, 00:00 0.29187
2004/06/18, 00:00 0.13861
2004/06/19, 00:00 0.06335
2004/06/20, 00:00 0.02637
2004/06/21, 00:00 0.10199
2004/06/22, 00:00 0.08423
2004/06/23, 00:00 0.25488
2004/06/24, 00:00 0.38965
2004/06/25, 00:00 0.33984
2004/06/26, 00:00 0.12801
2004/06/27, 00:00 0.1668
2004/06/28, 00:00 0.02779
2004/06/29, 00:00 0.28894
2004/06/30, 00:00 0.2113
2004/07/01, 00:00 0.10913
2004/07/02, 00:00 0.02316
2004/07/03, 00:00 0.14537
2004/07/04, 00:00 0.19672
2004/07/05, 00:00 0.30835
2004/07/06, 00:00 0.19647
2004/07/07, 00:00 0.22925
2004/07/08, 00:00 0.18713
2004/07/09, 00:00 0.39404
2004/07/10, 00:00 0.09998
2004/07/11, 00:00 0.08789
2004/07/12, 00:00 0.12341
2004/07/13, 00:00 0.02962
2004/07/14, 00:00 0.23035
2004/07/15, 00:00 0.2157
2004/07/16, 00:00 0.18109
2004/07/17, 00:00 0.25122
2004/07/18, 00:00 0.36841
2004/07/19, 00:00 0.17944
2004/07/20, 00:00 0.25452
2004/07/21, 00:00 0.09155
2004/07/22, 00:00 0.23785
2004/07/23, 00:00 0.23602
2004/07/24, 00:00 0.29956
2004/07/25, 00:00 0.34131
2004/07/26, 00:00 0.13806
2004/07/27, 00:00 0.2027
2004/07/28, 00:00 0.1864
2004/07/29, 00:00 0.13623
2004/07/30, 00:00 0.20544
2004/07/31, 00:00 0.17908
2004/08/01, 00:00 0.21277
2004/08/02, 00:00 0.13312
2004/08/03, 00:00 0.35596
2004/08/04, 00:00 0.12909
2004/08/05, 00:00 0.25012
2004/08/06, 00:00 0.09412
2004/08/07, 00:00 0.25085
2004/08/08, 00:00 0.1571
2004/08/09, 00:00 0.16534
2004/08/10, 00:00 0.02745
2004/08/11, 00:00 0.17999
2004/08/12, 00:00 0.23474
2004/08/13, 00:00 0.21844
2004/08/14, 00:00 0.07983
2004/08/15, 00:00 0.26624
2004/08/16, 00:00 0.11133
2004/08/17, 00:00 0.09009
2004/08/18, 00:00 0.14758
2004/08/19, 00:00 0.11334
2004/08/20, 00:00 0.20105
2004/08/21, 00:00 0.23657
2004/08/22, 00:00 0.0542
2004/08/23, 00:00 0.26953
2004/08/24, 00:00 0.22302
2004/08/25, 00:00 0.17102
2004/08/26, 00:00 0.09906
2004/08/27, 00:00 0.1073
2004/08/28, 00:00 0.23914
2004/08/29, 00:00 0.00552
2004/08/30, 00:00 0.15784
2004/08/31, 00:00 0.09741
2004/09/01, 00:00 0.15234
2004/09/02, 00:00 0.01428
2004/09/03, 00:00 0.02198
2004/09/04, 00:00 0.11792
2004/09/05, 00:00 0.05594
2004/09/06, 00:00 0.11819
2004/09/07, 00:00 0.02911
2004/09/08, 00:00 0.12067
2004/09/09, 00:00 0.35175
2004/09/10, 00:00 0.06171
2004/09/11, 00:00 0.01158
2004/09/12, 00:00 0.03864
2004/09/13, 00:00 0.10748
2004/09/14, 00:00 0.09238
2004/09/15, 00:00 0.08807
2004/09/16, 00:00 0.05475
2004/09/17, 00:00 0.18127
2004/09/18, 00:00 0.12809
2004/09/19, 00:00 0.16672
2004/09/20, 00:00 0.10855
2004/09/21, 00:00 0.17615
2004/09/22, 00:00 0.12836
2004/09/23, 00:00 0.09155
2004/09/24, 00:00 0.09387
2004/09/25, 00:00 0.06117
2004/09/26, 00:00 0.03846
2004/09/27, 00:00 0.06125
2004/09/28, 00:00 0.21011
2004/09/29, 00:00 0.11572
2004/09/30, 00:00 0.12323
2004/10/01, 00:00 0.03943
2004/10/02, 00:00 0.01132
2004/10/03, 00:00 0.03571
2004/10/04, 00:00 0.0458
2004/10/05, 00:00 0.017
2004/10/06, 00:00 0.02513
2004/10/07, 00:00 0.09426
2004/10/08, 00:00 0.01735
2004/10/09, 00:00 0.05392
2004/10/10, 00:00 0.05503
2004/10/11, 00:00 0.0147
2004/10/12, 00:00 0.02657
2004/10/13, 00:00 0.03375
2004/10/14, 00:00 0.01726
2004/10/15, 00:00 0.03448
2004/10/16, 00:00 0.0674
2004/10/17, 00:00 0.05545
2004/10/18, 00:00 0.01974
2004/10/19, 00:00 0.04264
2004/10/20, 00:00 0.07827
2004/10/21, 00:00 0.0277
2004/10/22, 00:00 0.07804
2004/10/23, 00:00 0.01839
2004/10/24, 00:00 0.03148
2004/10/25, 00:00 0.05165
2004/10/26, 00:00 0.08269
2004/10/27, 00:00 0.00439
2004/10/28, 00:00 0.03245
2004/10/29, 00:00 0.10479
2004/10/30, 00:00 0.00555
2004/10/31, 00:00 0.01688
2004/11/01, 00:00 0.03867
2004/11/02, 00:00 0.00194
2004/11/03, 00:00 0.01086
2004/11/04, 00:00 0.00666
2004/11/05, 00:00 0.0073
2004/11/06, 00:00 0.01466
2004/11/07, 00:00 0.00231
2004/11/08, 00:00 0.06123
2004/11/09, 00:00 0.02106
2004/11/10, 00:00 0.03223
2004/11/11, 00:00 0.04036
2004/11/12, 00:00 0.00253
2004/11/13, 00:00 0.01527
2004/11/14, 00:00 0.01106
2004/11/15, 00:00 0.00326
2004/11/16, 00:00 0.0122
2004/11/17, 00:00 0.01483
2004/11/18, 00:00 0.01818
2004/11/19, 00:00 0.01063
2004/11/20, 00:00 0.00681
2004/11/21, 00:00 0.01767
2004/11/22, 00:00 0.00377
2004/11/23, 00:00 0.01315
2004/11/24, 00:00 0.01498
2004/11/25, 00:00 0.04805
2004/11/26, 00:00 0.01282
2004/11/27, 00:00 0.01102
2004/11/28, 00:00 0.02603
2004/11/29, 00:00 0.01028
2004/11/30, 00:00 0.01477
2004/12/01, 00:00 0.01323
2004/12/02, 00:00 0.00041
2004/12/03, 00:00 0.03707
2004/12/04, 00:00 0.00411
2004/12/05, 00:00 0.01544
2004/12/06, 00:00 0.02558
2004/12/07, 00:00 0.02117
2004/12/08, 00:00 0.04248
2004/12/09, 00:00 0.06445
2004/12/10, 00:00 0.01791
2004/12/11, 00:00 0.05508
2004/12/12, 00:00 0.01156
2004/12/13, 00:00 0.00288
2004/12/14, 00:00 0.02434
2004/12/15, 00:00 0.038
2004/12/16, 00:00 0.00124
2004/12/17, 00:00 0.0119
2004/12/18, 00:00 0.00036
2004/12/19, 00:00 0.00111
2004/12/20, 00:00 0.0174
2004/12/21, 00:00 0.01795
2004/12/22, 00:00 0.00129
2004/12/23, 00:00 0.03333
2004/12/24, 00:00 0.01992
2004/12/25, 00:00 0.01696
2004/12/26, 00:00 0.06638
2004/12/27, 00:00 0.04688
2004/12/28, 00:00 0.00793
2004/12/29, 00:00 0.01556
2004/12/30, 00:00 0.02849
2004/12/31, 00:00 0.01465
2005/01/01, 00:00 0.01245
2005/01/02, 00:00 0.04242
2005/01/03, 00:00 0.02979
2005/01/04, 00:00 0.00812
2005/01/05, 00:00 0.01795
2005/01/06, 00:00 0.01417
2005/01/07, 00:00 0.03916
2005/01/08, 00:00 0.03658
2005/01/09, 00:00 0.05742
2005/01/10, 00:00 0.02296
2005/01/11, 00:00 0.00352
2005/01/12, 00:00 0.01197
2005/01/13, 00:00 0.02043
2005/01/14, 00:00 0.0252
2005/01/15, 00:00 0.00352
2005/01/16, 00:00 0.04957
2005/01/17, 00:00 0.01276
2005/01/18, 00:00 0.04778
2005/01/19, 00:00 0.01354
2005/01/20, 00:00 0.00927
2005/01/21, 00:00 0.02524
2005/01/22, 00:00 0.0161
2005/01/23, 00:00 0.01059
2005/01/24, 00:00 0.02306
2005/01/25, 00:00 0.02095
2005/01/26, 00:00 0.04755
2005/01/27, 00:00 0.02558
2005/01/28, 00:00 0.03032
2005/01/29, 00:00 0.02813
2005/01/30, 00:00 0.04323
2005/01/31, 00:00 0.05098
2005/02/01, 00:00 0.00974
2005/02/02, 00:00 0.03354
2005/02/03, 00:00 0.05713
2005/02/04, 00:00 0.0583
2005/02/05, 00:00 0.02417
2005/02/06, 00:00 0.03029
2005/02/07, 00:00 0.00939
2005/02/08, 00:00 0.05067
2005/02/09, 00:00 0.01983
2005/02/10, 00:00 0.0293
2005/02/11, 00:00 0.02658
2005/02/12, 00:00 0.056
2005/02/13, 00:00 0.04123
2005/02/14, 00:00 0.00011
2005/02/15, 00:00 0.01822
2005/02/16, 00:00 0.03543
2005/02/17, 00:00 0.02403
2005/02/18, 00:00 0.03736
2005/02/19, 00:00 0.04109
2005/02/20, 00:00 0.01909
2005/02/21, 00:00 0.00565
2005/02/22, 00:00 0.00714
2005/02/23, 00:00 0.04163
2005/02/24, 00:00 0.01581
2005/02/25, 00:00 0.00001
2005/02/26, 00:00 0.05788
2005/02/27, 00:00 0.0171
2005/02/28, 00:00 0.00285
2005/03/01, 00:00 0.01052
2005/03/02, 00:00 0.101
2005/03/03, 00:00 0.02393
2005/03/04, 00:00 0.06513
2005/03/05, 00:00 0.02654
2005/03/06, 00:00 0.08765
2005/03/07, 00:00 0.01342
2005/03/08, 00:00 0.04713
2005/03/09, 00:00 0.0077
2005/03/10, 00:00 0.0214
2005/03/11, 00:00 0.01538
2005/03/12, 00:00 0.13773
2005/03/13, 00:00 0.02395
2005/03/14, 00:00 0.11913
2005/03/15, 00:00 0.07639
2005/03/16, 00:00 0.05247
2005/03/17, 00:00 0.07494
2005/03/18, 00:00 0.05118
2005/03/19, 00:00 0.13398
2005/03/20, 00:00 0.03572
2005/03/21, 00:00 0.03417
2005/03/22, 00:00 0.04627
2005/03/23, 00:00 0.04912
2005/03/24, 00:00 0.03077
2005/03/25, 00:00 0.03156
2005/03/26, 00:00 0.0195
2005/03/27, 00:00 0.01879
2005/03/28, 00:00 0.05701
2005/03/29, 00:00 0.06138
2005/03/30, 00:00 0.03197
2005/03/31, 00:00 0.06865
2005/04/01, 00:00 0.02826
2005/04/02, 00:00 0.02347
2005/04/03, 00:00 0.04389
2005/04/04, 00:00 0.04761
2005/04/05, 00:00 0.1322
2005/04/06, 00:00 0.08935
2005/04/07, 00:00 0.08258
2005/04/08, 00:00 0.039
2005/04/09, 00:00 0.05803
2005/04/10, 00:00 0.03893
2005/04/11, 00:00 0.01438
2005/04/12, 00:00 0.07965
2005/04/13, 00:00 0.07159
2005/04/14, 00:00 0.03644
2005/04/15, 00:00 0.11334
2005/04/16, 00:00 0.10291
2005/04/17, 00:00 0.10547
2005/04/18, 00:00 0.01172
2005/04/19, 00:00 0.01224
2005/04/20, 00:00 0.02234
2005/04/21, 00:00 0.13458
2005/04/22, 00:00 0.03219
2005/04/23, 00:00 0.01821
2005/04/24, 00:00 0.11627
2005/04/25, 00:00 0.02252
2005/04/26, 00:00 0.0975
2005/04/27, 00:00 0.20696
2005/04/28, 00:00 0.03038
2005/04/29, 00:00 0.08514
2005/04/30, 00:00 0.04613
2005/05/01, 00:00 0.078
2005/05/02, 00:00 0.17816
2005/05/03, 00:00 0.08405
2005/05/04, 00:00 0.10254
2005/05/05, 00:00 0.03243
2005/05/06, 00:00 0.06218
2005/05/07, 00:00 0.00103
2005/05/08, 00:00 0.06046
2005/05/09, 00:00 0.03491
2005/05/10, 00:00 0.22266
2005/05/11, 00:00 0.05786
2005/05/12, 00:00 0.15747
2005/05/13, 00:00 0.1322
2005/05/14, 00:00 0.15927
2005/05/15, 00:00 0.03189
2005/05/16, 00:00 0.15308
2005/05/17, 00:00 0.13147
2005/05/18, 00:00 0.27905
2005/05/19, 00:00 0.13953
2005/05/20, 00:00 0.09869
2005/05/21, 00:00 0.07361
2005/05/22, 00:00 0.07031
2005/05/23, 00:00 0.08771
2005/05/24, 00:00 0.14301
2005/05/25, 00:00 0.27832
2005/05/26, 00:00 0.08423
2005/05/27, 00:00 0.16699
2005/05/28, 00:00 0.18768
2005/05/29, 00:00 0.22522
2005/05/30, 00:00 0.09695
2005/05/31, 00:00 0.07465
2005/06/01, 00:00 0.09009
2005/06/02, 00:00 0.13092
2005/06/03, 00:00 0.245
2005/06/04, 00:00 0.09705
2005/06/05, 00:00 0.28162
2005/06/06, 00:00 0.17834
2005/06/07, 00:00 0.28931
2005/06/08, 00:00 0.09192
2005/06/09, 00:00 0.10941
2005/06/10, 00:00 0.01202
2005/06/11, 00:00 0.04846
2005/06/12, 00:00 0.05566
2005/06/13, 00:00 0.26001
2005/06/14, 00:00 0.07286
2005/06/15, 00:00 0.20068
2005/06/16, 00:00 0.22339
2005/06/17, 00:00 0.32419
2005/06/18, 00:00 0.05864
2005/06/19, 00:00 0.06083
2005/06/20, 00:00 0.18695
2005/06/21, 00:00 0.15253
2005/06/22, 00:00 0.04168
2005/06/23, 00:00 0.1003
2005/06/24, 00:00 0.18109
2005/06/25, 00:00 0.15305
2005/06/26, 00:00 0.16479
2005/06/27, 00:00 0.23547
2005/06/28, 00:00 0.11325
2005/06/29, 00:00 0.13557
2005/06/30, 00:00 0.1073
2005/07/01, 00:00 0.08931
2005/07/02, 00:00 0.02274
2005/07/03, 00:00 0.04907
2005/07/04, 00:00 0.12634
2005/07/05, 00:00 0.1908
2005/07/06, 00:00 0.25544
2005/07/07, 00:00 0.21349
2005/07/08, 00:00 0.06
2005/07/09, 00:00 0.18292
2005/07/10, 00:00 0.11096
2005/07/11, 00:00 0.12524
2005/07/12, 00:00 0.21863
2005/07/13, 00:00 0.24396
2005/07/14, 00:00 0.12772
2005/07/15, 00:00 0.23145
2005/07/16, 00:00 0.21698
2005/07/17, 00:00 0.11035
2005/07/18, 00:00 0.01363
2005/07/19, 00:00 0.09475
2005/07/20, 00:00 0.1563
2005/07/21, 00:00 0.20929
2005/07/22, 00:00 0.10767
2005/07/23, 00:00 0.25891
2005/07/24, 00:00 0.1853
2005/07/25, 00:00 0.32373
2005/07/26, 00:00 0.12048
2005/07/27, 00:00 0.13608
2005/07/28, 00:00 0.06958
2005/07/29, 00:00 0.18164
2005/07/30, 00:00 0.16113
2005/07/31, 00:00 0.1615
2005/08/01, 00:00 0.28015
2005/08/02, 00:00 0.21497
2005/08/03, 00:00 0.21021
2005/08/04, 00:00 0.22485
2005/08/05, 00:00 0.22339
2005/08/06, 00:00 0.14209
2005/08/07, 00:00 0.1322
2005/08/08, 00:00 0.22925
2005/08/09, 00:00 0.25635
2005/08/10, 00:00 0.07942
2005/08/11, 00:00 0.11188
2005/08/12, 00:00 0.11243
2005/08/13, 00:00 0.18274
2005/08/14, 00:00 0.04688
2005/08/15, 00:00 0.0564
2005/08/16, 00:00 0.10382
2005/08/17, 00:00 0.21899
2005/08/18, 00:00 0.15875
2005/08/19, 00:00 0.17175
2005/08/20, 00:00 0.13641
2005/08/21, 00:00 0.14099
2005/08/22, 00:00 0.22485
2005/08/23, 00:00 0.11627
2005/08/24, 00:00 0.26038
2005/08/25, 00:00 0.20251
2005/08/26, 00:00 0.12579
2005/08/27, 00:00 0.19357
2005/08/28, 00:00 0.0253
2005/08/29, 00:00 0.01773
2005/08/30, 00:00 0.02599
2005/08/31, 00:00 0.00144
2005/09/01, 00:00 0.04636
2005/09/02, 00:00 0.06711
2005/09/03, 00:00 0.08789
2005/09/04, 00:00 0.17285
2005/09/05, 00:00 0.10474
2005/09/06, 00:00 0.14355
2005/09/07, 00:00 0.16772
2005/09/08, 00:00 0.05297
2005/09/09, 00:00 0.08569
2005/09/10, 00:00 0.23691
2005/09/11, 00:00 0.05659
2005/09/12, 00:00 0.13019
2005/09/13, 00:00 0.01318
2005/09/14, 00:00 0.11993
2005/09/15, 00:00 0.03296
2005/09/16, 00:00 0.11023
2005/09/17, 00:00 0.12634
2005/09/18, 00:00 0.15143
2005/09/19, 00:00 0.04797
2005/09/20, 00:00 0.09494
2005/09/21, 00:00 0.11865
2005/09/22, 00:00 0.09485
2005/09/23, 00:00 0.09558
2005/09/24, 00:00 0.17432
2005/09/25, 00:00 0.04523
2005/09/26, 00:00 0.08408
2005/09/27, 00:00 0.11902
2005/09/28, 00:00 0.04138
2005/09/29, 00:00 0.11261
2005/09/30, 00:00 0.12524
2005/10/01, 00:00 0.05793
